,image_url,title,price,shipping,rating,image_detail_url
0,images/item0.jpg,노브랜드 도톰한 물티슈 100매,980,새벽배송 가능,4.94,images/item0_detail.jpg
1,images/item1.jpg,핸디닥터 손소독 물티슈 캡형 30매 10팩 / 살균소독 의약외품 99.9% 감염예방!,"18,900",무료배송,4.79,images/item1_detail.jpg
2,images/item2.jpg,데이데이비쥬 아쿠아코랄 물티슈 (캡형) 70매*10팩 / 55gsm 고평량 아기물티슈,"12,900",무료배송,4.91,images/item2_detail.jpg
3,images/item3.jpg,노브랜드 물티슈 캡형 100매,800,새벽배송 가능,4.89,images/item3_detail.jpg
4,images/item4.jpg,깨끗한나라 물티슈100매6입(캡형),"9,900",새벽배송 가능,4.93,images/item4_detail.jpg
5,images/item5.jpg,크리넥스 안심물티슈60매(캡),"2,500",새벽배송 가능,4.89,images/item5_detail.jpg
6,images/item6.jpg,센시티브70매6입(캡),"11,500",새벽배송 가능,4.94,images/item6_detail.jpg
7,images/item7.jpg,마이비데 물티슈(캡) 46매*4입,"8,500",새벽배송 가능,4.93,images/item7_detail.jpg
8,images/item8.jpg,닥터아토 손소독티슈20매,"1,300",새벽배송 가능,4.92,images/item8_detail.jpg
9,images/item9.jpg,리얼코튼 베이비 물티슈 70매*10팩 (캡형)/ 고평량 60gsm / 100% 코튼원단,"30,900",무료배송,5,images/item9_detail.jpg
10,images/item10.jpg,깨끗한나라 페퍼민트 물티슈(캡) 80매*4입,"6,900",새벽배송 가능,4.92,images/item10_detail.jpg
11,images/item11.jpg,크리넥스 수앤수 코튼클린 오리지널캡 80x6,"10,900",새벽배송 가능,4.9,images/item11_detail.jpg
12,images/item12.jpg,크리넥스 안심 손소독티슈 30+2매,"2,100",새벽배송 가능,4.84,images/item12_detail.jpg
13,images/item13.jpg,크리넥스 마이비데 카카오 캡 40매,"2,000",새벽배송 가능,4.92,images/item13_detail.jpg
14,images/item14.jpg,뉴 수앤수 실키소프트 오리지날캡 70매 6입,"11,610",새벽배송 가능,4.88,images/item14_detail.jpg
15,images/item15.jpg,크리넥스 수앤수 20매 카카오(색상랜덤발송),"1,100",새벽배송 가능,4.92,images/item15_detail.jpg
16,images/item16.jpg,깨끗한나라 닥터비데 화장실용물티슈 46매*4입(캡),"8,900",새벽배송 가능,4.91,images/item16_detail.jpg
17,images/item17.jpg,크리넥스 마이비데 키즈 캡 42매x4,"10,900",새벽배송 가능,4.96,images/item17_detail.jpg
18,images/item18.jpg,릴리유 퓨어아이보리 물티슈 64캡X6 무민,"12,900",새벽배송 가능,4.85,images/item18_detail.jpg
19,images/item19.jpg,내추럴케어 쁘띠물티슈 64매*6입 (캡,"13,900",새벽배송 가능,4.89,images/item19_detail.jpg
20,images/item20.jpg,크리넥스 마이비데 10매X4,"4,000",새벽배송 가능,4.93,images/item20_detail.jpg
21,images/item21.jpg,크리넥스 마이비데 밸런스케어 10매x4,"3,000",새벽배송 가능,4.92,images/item21_detail.jpg
22,images/item22.jpg,라이트 80매*6(캡),"9,500",새벽배송 가능,4.91,images/item22_detail.jpg
23,images/item23.jpg,코디 맘껏양껏 110매 (캡),990,,4.77,images/item23_detail.jpg
24,images/item24.jpg,페퍼민트 물티슈 30매*4입,"3,980",새벽배송 가능,4.97,images/item24_detail.jpg
25,images/item25.jpg,에코그린물티슈 70매x4개입,"10,000",새벽배송 가능,4.9,images/item25_detail.jpg
26,images/item26.jpg,수앤수 카카오라이언80매(캡),"2,000",새벽배송 가능,4.89,images/item26_detail.jpg
27,images/item27.jpg,코디 에코 챌린저 물티슈(캡) 70*4,"9,900",새벽배송 가능,4.92,images/item27_detail.jpg
28,images/item28.jpg,크리넥스 콧물전용 물티슈 20매,"1,290",새벽배송 가능,4.88,images/item28_detail.jpg
29,images/item29.jpg,노브랜드 카모마일 베이비 100매 (캡),"2,080",새벽배송 가능,4.86,images/item29_detail.jpg
30,images/item30.jpg,(당일) 22SS 꼼데가르송 컨버스 척테일러 1970S 블랙 로우 스니커즈 P1K111 BLACK,"226,970",무료배송,5,images/item30_detail.jpg
31,images/item31.jpg,2021 신상 크록스 크록밴드 샌들 슬리퍼 10종택일,"28,111",무료배송,4.87,images/item31_detail.jpg
32,images/item32.jpg,[아디다스] 남여공용 오즈위고 EE6999 아디다스 오리지널 트리플블랙 운동화,"85,390",무료배송,4.93,images/item32_detail.jpg
33,images/item33.jpg,골든구스 여성 슈퍼스타 W77 실버탭 화이트/실버 스니커즈 22SS GWF00102 F000317 10273,"433,628",무료배송,5,images/item33_detail.jpg
34,images/item34.jpg,[알렉산더맥퀸]22SS 553680 WHGP5 9061 오버솔 남성 블랙탭 스니커즈,"489,192",무료배송,5,images/item34_detail.jpg
35,images/item35.jpg,[뉴발란스] 327 남여공용 운동화 MS327LAB,"137,170",무료배송,4.75,images/item35_detail.jpg
36,images/item36.jpg,[뉴발란스] 2002 남여공용 운동화 ML2002RE,"135,970",무료배송,5,images/item36_detail.jpg
37,images/item37.jpg,코트 브레이크(1071A003110) 아식스 인도어화,"35,020",,4.96,images/item37_detail.jpg
38,images/item38.jpg,[뉴발란스] 남여공용 574 스니커즈 7종 (ML574EVG/ML574EVW/ML574EGG/ML574EVB),"81,062",무료배송,4.85,images/item38_detail.jpg
39,images/item39.jpg,호이슈즈 솔트워터 클래식 슬리퍼 9900 탄 블랙 2종 주문 후 3일 내 수령,"54,900",무료배송,4.88,images/item39_detail.jpg
40,images/item40.jpg,우먼스 코트 버로우 로우2 운동화 (GS) BQ5448-100,"78,190",무료배송,4.74,images/item40_detail.jpg
41,images/item41.jpg,[SSG 비밀특가][락피쉬웨더웨어] 첼시 레인부츠 - 6color,"44,900",,4.79,images/item41_detail.jpg
42,images/item42.jpg,키즈/성인 클래식 클로그 화이트 204536_100,"33,610",무료배송,4.82,images/item42_detail.jpg
43,images/item43.jpg,남여공용 데이브레이크 써밋화이트 7종택일 (CK2351/CT2556),"81,062",무료배송,4.67,images/item43_detail.jpg
44,images/item44.jpg,[아디다스] 알파바운스 슬라이드 슬리퍼 택일,"40,872",무료배송,4.82,images/item44_detail.jpg
45,images/item45.jpg,휠라 웨이블렛 OG 운동화 트리플화이트 남성 여성 올흰 런닝화 운동화 신발 어글리슈즈 1RM01263-100,"36,690",,4.83,images/item45_detail.jpg
46,images/item46.jpg,남여공용 바야밴드 클로그 택일/205089,"37,303",무료배송,4.82,images/item46_detail.jpg
47,images/item47.jpg,[아디다스] 알파바운스 슬라이드 B41720,"43,300",무료배송,4.8,images/item47_detail.jpg
48,images/item48.jpg,컨버스 척테일러 1970S 하이 블랙 (162050C),"76,750",무료배송,4.85,
49,images/item49.jpg,(선물포장)전사이즈 22SS 프라다 스니커즈 다운타운 퍼포레이트 가죽 삼각로고 화이트블랙 792M 평생AS,"891,218",무료배송,,images/item49_detail.jpg
50,images/item50.jpg,[아디다스] 알파바운스 슬라이드 택일(B41720/BA8775/FZ0387),"40,872",무료배송,4.89,images/item50_detail.jpg
51,images/item51.jpg,[컨버스] 척테일러 올스타 클래식 로우 택일,"45,816",무료배송,4.94,images/item51_detail.jpg
52,images/item52.jpg,[뉴발란스] 남여공용 530 운동화 스틸그레이 MR530KA 커플운동화,"127,610",무료배송,5,images/item52_detail.jpg
53,images/item53.jpg,뉴발란스 327 클래식 스니커즈 운동화 남녀공용 9종택일,"170,200",무료배송,4.91,images/item53_detail.jpg
54,images/item54.jpg,[뉴발란스] 국내배송 327 남여공용 스니커즈 그레이 MS327LAB,"137,170",무료배송,4.83,images/item54_detail.jpg
55,images/item55.jpg,Air Max VG-R / CT1730-002,"39,000",,5,images/item55_detail.jpg
56,images/item56.jpg,[22S/S] 알렉산더 맥퀸 여성 오버솔 블랙탭 553770 WHGP7 9061,"478,389",무료배송,,images/item56_detail.jpg
57,images/item57.jpg,[뉴발란스] 574 남여공용 운동화 ML574EGG,"87,400",무료배송,4.79,images/item57_detail.jpg
58,images/item58.jpg,20SS B5910BIAN UG 03 카레라 스웨이드 스니커즈 화이트 남성 슈즈 TFN 20SSB5910BIANUG03 10684730,"322,130",무료배송,,images/item58_detail.jpg
59,images/item59.jpg,[매니아온]끌로에 WOODY 우디 뮬슈즈 CHC19U18808101,"378,090",무료배송,5,images/item59_detail.jpg
60,images/item60.jpg,[오뚜기] 양조식초 1.8L,"2,200",새벽배송 가능,4.93,images/item60_detail.jpg
61,images/item61.jpg,복숭아식초 500ml 초모식초 생산자직접판매 전통발효식초 전통식초 과일식초 음용식초 마시는식초,"19,000",무료배송,,images/item61_detail.jpg
62,images/item62.jpg,천연발효감식초 500mlx2병,"19,000",무료배송,4.9,images/item62_detail.jpg
63,images/item63.jpg,[오뚜기] 사과 식초 (900ml),"2,500",새벽배송 가능,4.95,images/item63_detail.jpg
64,images/item64.jpg,[오뚜기] 양조식초 900ml,"1,430",새벽배송 가능,4.95,images/item64_detail.jpg
65,images/item65.jpg,[오뚜기] 2배 사과 식초 900ml,"3,180",새벽배송 가능,4.94,images/item65_detail.jpg
66,images/item66.jpg,[청정원] 현미식초 900ml,"2,300",새벽배송 가능,4.93,images/item66_detail.jpg
67,images/item67.jpg,[오뚜기] 2배 양조 식초 900ml,"1,850",새벽배송 가능,4.93,images/item67_detail.jpg
68,images/item68.jpg,[청정원] 2배사과식초 900ml,"3,100",새벽배송 가능,4.92,images/item68_detail.jpg
69,images/item69.jpg,저산도 4.5 사과 식초 500ml,"1,980",,4.94,images/item69_detail.jpg
70,images/item70.jpg,CJ백설 자연발효식초 800ml(사과),"3,700",새벽배송 가능,4.89,images/item70_detail.jpg
71,images/item71.jpg,CJ백설 자연발효식초 800ml(현미),"3,700",새벽배송 가능,4.86,images/item71_detail.jpg
72,images/item72.jpg,[청정원] 정통 사과식초 800ml,"4,000",새벽배송 가능,4.89,images/item72_detail.jpg
73,images/item73.jpg,[청정원] 감식초 900ml,"10,300",,4.89,images/item73_detail.jpg
74,images/item74.jpg,CJ백설 자연발효식초 800ml(파인애플),"4,200",새벽배송 가능,4.85,images/item74_detail.jpg
75,images/item75.jpg,[청정원] 유기농 사과식초 350ml,"6,900",새벽배송 가능,4.9,images/item75_detail.jpg
76,images/item76.jpg,[청정원] 정통파인애플식초 800ml,"4,500",새벽배송 가능,4.83,images/item76_detail.jpg
77,images/item77.jpg,오뚜기 다시마식초 900ml,"2,580",새벽배송 가능,4.88,images/item77_detail.jpg
78,images/item78.jpg,데니그리스 유기농 사과 식초 500ml,"5,584",,4.9,
79,images/item79.jpg,오타후쿠 피클초 500ml,"5,980",새벽배송 가능,4.84,images/item79_detail.jpg
80,images/item80.jpg,[청정원] 현미식초 1.8L,"4,250",,4.94,images/item80_detail.jpg
81,images/item81.jpg,청정원 홍초 자몽 1.5L,"11,800",,4.94,images/item81_detail.jpg
82,images/item82.jpg,오타후쿠 만능초 500ml,"5,980",새벽배송 가능,4.88,images/item82_detail.jpg
83,images/item83.jpg,헝순 진강향초 550ml,"2,380",,4.9,images/item83_detail.jpg
84,images/item84.jpg,데니그리스 유기농 사과식초 허니 500ml,"6,986",,5,
85,images/item85.jpg,[오가닉스토리]유기 현미식초 300ml,"4,845",유기농,4.95,images/item85_detail.jpg
86,images/item86.jpg,데니그리스 유기농 사과 식초 500ml,"7,580",,4.88,images/item86_detail.jpg
87,images/item87.jpg,유기농 생 사과식초 473ml,"7,650",새벽배송 가능,4.73,images/item87_detail.jpg
88,images/item88.jpg,싱그러운 베리베리 자연발효식초,"2,760",,4.8,images/item88_detail.jpg
89,images/item89.jpg,쥬세페크레모니니 모데나 발사믹식초 에이지 250ml,"29,980",,5,images/item89_detail.jpg
